<?xml version="1.0" encoding="UTF-8" ?>
<!DOCTYPE struts PUBLIC
	"-//Apache Software Foundation//DTD Struts Configuration 2.3//EN"
	"http://struts.apache.org/dtds/struts-2.3.dtd">

<struts>
	<constant name="struts.enable.DynamicMethodInvocation" value="false" />
	<constant name="struts.devMode" value="false" />

	<package name="default" namespace="/" extends="struts-default">
		<default-action-ref name="index" />

		<action name="login" class="loginAction">
			<result name="input" type="redirect">/jsp/login.jsp</result>
			<result name="success" type="redirect">/jsp/success.jsp</result>
		</action>
	</package>

	<include file="example.xml" />
	<!-- Add packages here -->

</struts>
